text,category
Diwali celebrations begin across the country,Culture
European countries face record heatwaves,World News
Quantum computing breakthrough announced,Science
Cyclone warning issued for coastal Andhra Pradesh,Weather
Kidnapping case solved within 48 hours,Crime
Judiciary introduces e-filing system nationwide,Law
Startup develops drone for smart agriculture monitoring,Technology
Cultural exchange program between India and Japan,Culture
Court sentences accused in corruption scandal,Crime
Music festival to be held in Hyderabad next month,Entertainment
Delhi Metro opens new route to airport,Transportation
Agri-tech startups help farmers monitor soil health,Agriculture
Cyclone warning issued for coastal Andhra Pradesh,Weather
Oil prices drop as global demand slows,Business
Severe heatwave expected in northern India,Weather
University introduces AI and robotics programs,Education
India wins the final match by 5 wickets,Sports
Diwali celebrations begin across the country,Culture
Legal experts debate digital data protection act,Law
Military conducts joint exercise with France,Defense
Quantum computing breakthrough announced,Science
Taj Mahal sees record number of visitors,Tourism
Cybersecurity experts warn of new ransomware attack,Technology
Taj Mahal sees record number of visitors,Tourism
Cybercrime rate increases in metropolitan areas,Crime
Government announces new election reforms,Politics
Monsoon arrives early this year,Weather
Festival promotes folk music and heritage,Culture
Opposition leader accuses ruling party of corruption,Politics
Defense budget increased for modernization,Defense
Judiciary introduces e-filing system nationwide,Law
Government launches 'Visit India 2025' campaign,Tourism
Parliament passes the new economic bill,Politics
Football league postpones games due to rain,Sports
NGOs protest against rising unemployment,Social Issues
Rising sea levels threaten coastal villages,Environment
Severe heatwave expected in northern India,Weather
Banks announce new fixed deposit interest rates,Finance
Cultural exchange program between India and Japan,Culture
NASA discovers new exoplanet in nearby galaxy,Science
Winter rainfall breaks decade-old record,Weather
NGOs protest against rising unemployment,Social Issues
Google launches satellite internet service in rural India,Technology
Doctors warn about rising dengue cases in South India,Health
Cyclone warning issued for coastal Andhra Pradesh,Weather
Military conducts joint exercise with France,Defense
Prime Minister visits flood-affected regions,Politics
Farmers adopt drip irrigation for better yield,Agriculture
Researchers develop new drug for cancer prevention,Health
DRDO tests new surface-to-air missile successfully,Defense
Director wins national award for best film,Entertainment
Farmers adopt drip irrigation for better yield,Agriculture
Winter rainfall breaks decade-old record,Weather
Streaming platforms report record subscriptions,Entertainment
Virat Kohli scores another century in T20 series,Sports
Quantum computing breakthrough announced,Science
US and India sign trade agreement,World News
Cyclone warning issued for coastal Andhra Pradesh,Weather
NASA discovers new exoplanet in nearby galaxy,Science
Heavy pollution levels recorded in Delhi NCR,Environment
Digital payments grow 40% in 2025,Finance
Defense budget increased for modernization,Defense
Court sentences accused in corruption scandal,Crime
Startup raises $50 million in Series B funding,Business
Supreme Court rules on new privacy law,Law
Cyclone warning issued for coastal Andhra Pradesh,Weather
Government invests in electric bus infrastructure,Transportation
Judiciary introduces e-filing system nationwide,Law
Tree plantation drive starts across Telangana,Environment
US and India sign trade agreement,World News
Director wins national award for best film,Entertainment
Google launches satellite internet service in rural India,Technology
Government increases MSP for wheat and rice,Agriculture
Olympic committee approves new event for 2028,Sports
Music festival to be held in Hyderabad next month,Entertainment
Taj Mahal sees record number of visitors,Tourism
Prime Minister visits flood-affected regions,Politics
Rising sea levels threaten coastal villages,Environment
Government increases MSP for wheat and rice,Agriculture
Cultural exchange program between India and Japan,Culture
Defense budget increased for modernization,Defense
Road safety week promotes awareness among drivers,Transportation
Eco-tourism initiatives grow in Kerala,Tourism
Agri-tech startups help farmers monitor soil health,Agriculture
Social media movement promotes mental health awareness,Social Issues
Kidnapping case solved within 48 hours,Crime
Traditional art forms revived in Andhra Pradesh,Culture
Online learning platforms see surge in student enrollment,Education
Severe heatwave expected in northern India,Weather
Stock markets hit record highs amid economic optimism,Business
Virat Kohli scores another century in T20 series,Sports
Prime Minister visits flood-affected regions,Politics
Government launches free vaccination drive,Health
Diwali celebrations begin across the country,Culture
Government increases MSP for wheat and rice,Agriculture
Google launches satellite internet service in rural India,Technology
Doctors warn about rising dengue cases in South India,Health
High Court grants bail in political case,Law
Cybercrime rate increases in metropolitan areas,Crime
Director wins national award for best film,Entertainment
Farmers adopt drip irrigation for better yield,Agriculture
India wins the final match by 5 wickets,Sports
Government increases MSP for wheat and rice,Agriculture
Visa-free travel for selected Asian countries,Tourism
Diwali celebrations begin across the country,Culture
Quantum computing breakthrough announced,Science
Bollywood actor announces upcoming movie release,Entertainment
Supreme Court rules on new privacy law,Law
Eco-tourism initiatives grow in Kerala,Tourism
US and India sign trade agreement,World News
Agri-tech startups help farmers monitor soil health,Agriculture
Startup raises $50 million in Series B funding,Business
Government invests in electric bus infrastructure,Transportation
Road safety week promotes awareness among drivers,Transportation
Doctors warn about rising dengue cases in South India,Health
Kidnapping case solved within 48 hours,Crime
India wins the final match by 5 wickets,Sports
Football league postpones games due to rain,Sports
Startup raises $50 million in Series B funding,Business
Director wins national award for best film,Entertainment
Monsoon rains improve crop conditions in Maharashtra,Agriculture
UN discusses peace resolution for global conflicts,World News
Tree plantation drive starts across Telangana,Environment
Government increases funding for rural schools,Education
Court sentences accused in corruption scandal,Crime
Monsoon rains improve crop conditions in Maharashtra,Agriculture
Stock markets hit record highs amid economic optimism,Business
Quantum computing breakthrough announced,Science
Legal experts debate digital data protection act,Law
Traditional art forms revived in Andhra Pradesh,Culture
Taj Mahal sees record number of visitors,Tourism
Government increases MSP for wheat and rice,Agriculture
Heavy pollution levels recorded in Delhi NCR,Environment
UN discusses peace resolution for global conflicts,World News
US and India sign trade agreement,World News
ISRO prepares for next lunar mission,Science
Government announces new election reforms,Politics
Indian Navy commissions new submarine,Defense
Police arrest five suspects in bank robbery case,Crime
Prime Minister visits flood-affected regions,Politics
Scientists develop biodegradable batteries,Science
Olympic committee approves new event for 2028,Sports
Researchers develop new drug for cancer prevention,Health
Winter rainfall breaks decade-old record,Weather
Visa-free travel for selected Asian countries,Tourism
RBI keeps repo rate unchanged for next quarter,Finance
Government increases MSP for wheat and rice,Agriculture
Director wins national award for best film,Entertainment
NASA discovers new exoplanet in nearby galaxy,Science
Agri-tech startups help farmers monitor soil health,Agriculture
Social media movement promotes mental health awareness,Social Issues
NEET exam results to be declared next week,Education
Defense budget increased for modernization,Defense
Delhi Metro opens new route to airport,Transportation
UN discusses peace resolution for global conflicts,World News
Social media movement promotes mental health awareness,Social Issues
Child education programs expand to rural areas,Social Issues
Apple unveils new AI-powered iPhone,Technology
Eco-tourism initiatives grow in Kerala,Tourism
Taj Mahal sees record number of visitors,Tourism
WHO introduces new guidelines for diabetes treatment,Health
WHO introduces new guidelines for diabetes treatment,Health
Child education programs expand to rural areas,Social Issues
Startup develops drone for smart agriculture monitoring,Technology
Cyclone warning issued for coastal Andhra Pradesh,Weather
NEET exam results to be declared next week,Education
Eco-tourism initiatives grow in Kerala,Tourism
Tree plantation drive starts across Telangana,Environment
Scientists develop biodegradable batteries,Science
Google launches satellite internet service in rural India,Technology
NEET exam results to be declared next week,Education
Cybercrime rate increases in metropolitan areas,Crime
Festival promotes folk music and heritage,Culture
Streaming platforms report record subscriptions,Entertainment
Monsoon arrives early this year,Weather
US and India sign trade agreement,World News
Bollywood actor announces upcoming movie release,Entertainment
Indian Navy commissions new submarine,Defense
Bollywood actor announces upcoming movie release,Entertainment
Stock markets hit record highs amid economic optimism,Business
Cybersecurity experts warn of new ransomware attack,Technology
Cyclone warning issued for coastal Andhra Pradesh,Weather
Road safety week promotes awareness among drivers,Transportation
Festival promotes folk music and heritage,Culture
Government increases MSP for wheat and rice,Agriculture
Monsoon rains improve crop conditions in Maharashtra,Agriculture
Rising sea levels threaten coastal villages,Environment
Delhi Metro opens new route to airport,Transportation
India wins the final match by 5 wickets,Sports
Indian Navy commissions new submarine,Defense
Supreme Court rules on new privacy law,Law
European countries face record heatwaves,World News
Supreme Court rules on new privacy law,Law
Tree plantation drive starts across Telangana,Environment
Government increases funding for rural schools,Education
Oil prices drop as global demand slows,Business
Government announces new election reforms,Politics
Traditional art forms revived in Andhra Pradesh,Culture
University introduces AI and robotics programs,Education
Director wins national award for best film,Entertainment
Monsoon rains improve crop conditions in Maharashtra,Agriculture
Child education programs expand to rural areas,Social Issues
Opposition leader accuses ruling party of corruption,Politics
RBI keeps repo rate unchanged for next quarter,Finance
Farmers adopt drip irrigation for better yield,Agriculture
Mutual funds report record inflows this year,Finance
Opposition leader accuses ruling party of corruption,Politics
Government increases MSP for wheat and rice,Agriculture
ISRO prepares for next lunar mission,Science
Cyclone warning issued for coastal Andhra Pradesh,Weather
Indian Navy commissions new submarine,Defense
Government increases funding for rural schools,Education
Doctors warn about rising dengue cases in South India,Health
Defense budget increased for modernization,Defense
Cybercrime rate increases in metropolitan areas,Crime
Doctors warn about rising dengue cases in South India,Health
Digital payments grow 40% in 2025,Finance
Supreme Court rules on new privacy law,Law
Google launches satellite internet service in rural India,Technology
Virat Kohli scores another century in T20 series,Sports
Kidnapping case solved within 48 hours,Crime
NEET exam results to be declared next week,Education
Online learning platforms see surge in student enrollment,Education
Researchers develop new drug for cancer prevention,Health
University introduces AI and robotics programs,Education
DRDO tests new surface-to-air missile successfully,Defense
US and India sign trade agreement,World News
Rising sea levels threaten coastal villages,Environment
Government increases MSP for wheat and rice,Agriculture
Parliament passes the new economic bill,Politics
WHO introduces new guidelines for diabetes treatment,Health
Government increases MSP for wheat and rice,Agriculture
Digital payments grow 40% in 2025,Finance
Researchers develop new drug for cancer prevention,Health
Cybersecurity experts warn of new ransomware attack,Technology
Bollywood actor announces upcoming movie release,Entertainment
India wins the final match by 5 wickets,Sports
India wins the final match by 5 wickets,Sports
Football league postpones games due to rain,Sports
Tree plantation drive starts across Telangana,Environment
Traditional art forms revived in Andhra Pradesh,Culture
Traditional art forms revived in Andhra Pradesh,Culture
Taj Mahal sees record number of visitors,Tourism
Government invests in electric bus infrastructure,Transportation
Prime Minister visits flood-affected regions,Politics
Government launches 'Visit India 2025' campaign,Tourism
Cultural exchange program between India and Japan,Culture
Traditional art forms revived in Andhra Pradesh,Culture
Streaming platforms report record subscriptions,Entertainment
China announces new space exploration mission,World News
Cyclone warning issued for coastal Andhra Pradesh,Weather
Football league postpones games due to rain,Sports
Child education programs expand to rural areas,Social Issues
Researchers develop new drug for cancer prevention,Health
Apple unveils new AI-powered iPhone,Technology
Government launches 'Visit India 2025' campaign,Tourism
Director wins national award for best film,Entertainment
ISRO prepares for next lunar mission,Science
Bollywood actor announces upcoming movie release,Entertainment
Rising sea levels threaten coastal villages,Environment
Cyclone warning issued for coastal Andhra Pradesh,Weather
Cultural exchange program between India and Japan,Culture
Indian Navy commissions new submarine,Defense
Parliament passes the new economic bill,Politics
European countries face record heatwaves,World News
Agri-tech startups help farmers monitor soil health,Agriculture
Government bans plastic use in major cities,Environment
Cybersecurity experts warn of new ransomware attack,Technology
NGOs protest against rising unemployment,Social Issues
Quantum computing breakthrough announced,Science
Delhi Metro opens new route to airport,Transportation
Supreme Court rules on new privacy law,Law
Railways introduce high-speed train between cities,Transportation
Stock markets hit record highs amid economic optimism,Business
NGOs protest against rising unemployment,Social Issues
US and India sign trade agreement,World News
Tree plantation drive starts across Telangana,Environment
NGOs protest against rising unemployment,Social Issues
NEET exam results to be declared next week,Education
Government increases MSP for wheat and rice,Agriculture
Doctors warn about rising dengue cases in South India,Health
Parliament passes the new economic bill,Politics
NEET exam results to be declared next week,Education
Government increases MSP for wheat and rice,Agriculture
Government launches free vaccination drive,Health
Online learning platforms see surge in student enrollment,Education
Railways introduce high-speed train between cities,Transportation
Bollywood actor announces upcoming movie release,Entertainment
Delhi Metro opens new route to airport,Transportation
Bollywood actor announces upcoming movie release,Entertainment
Government increases MSP for wheat and rice,Agriculture
Cyclone warning issued for coastal Andhra Pradesh,Weather
RBI keeps repo rate unchanged for next quarter,Finance
University introduces AI and robotics programs,Education
Streaming platforms report record subscriptions,Entertainment
Supreme Court rules on new privacy law,Law
Delhi Metro opens new route to airport,Transportation
Opposition leader accuses ruling party of corruption,Politics
Visa-free travel for selected Asian countries,Tourism
Olympic committee approves new event for 2028,Sports
University introduces AI and robotics programs,Education
China announces new space exploration mission,World News
Child education programs expand to rural areas,Social Issues
High Court grants bail in political case,Law
Cybersecurity experts warn of new ransomware attack,Technology
Oil prices drop as global demand slows,Business
Football league postpones games due to rain,Sports
Startup develops drone for smart agriculture monitoring,Technology
Government bans plastic use in major cities,Environment
Campaign launched for women empowerment,Social Issues
Startup raises $50 million in Series B funding,Business
Doctors warn about rising dengue cases in South India,Health
NEET exam results to be declared next week,Education
NASA discovers new exoplanet in nearby galaxy,Science
DRDO tests new surface-to-air missile successfully,Defense
Road safety week promotes awareness among drivers,Transportation
Police arrest five suspects in bank robbery case,Crime
Defense budget increased for modernization,Defense
RBI keeps repo rate unchanged for next quarter,Finance
Social media movement promotes mental health awareness,Social Issues
Indian Navy commissions new submarine,Defense
Heavy pollution levels recorded in Delhi NCR,Environment
Court sentences accused in corruption scandal,Crime
Social media movement promotes mental health awareness,Social Issues
RBI keeps repo rate unchanged for next quarter,Finance
Parliament passes the new economic bill,Politics
Government launches 'Visit India 2025' campaign,Tourism
NEET exam results to be declared next week,Education
India wins the final match by 5 wickets,Sports
Agri-tech startups help farmers monitor soil health,Agriculture
Railways introduce high-speed train between cities,Transportation
Government launches free vaccination drive,Health
Farmers adopt drip irrigation for better yield,Agriculture
Heavy pollution levels recorded in Delhi NCR,Environment
Diwali celebrations begin across the country,Culture
Olympic committee approves new event for 2028,Sports
Eco-tourism initiatives grow in Kerala,Tourism
Legal experts debate digital data protection act,Law
Online learning platforms see surge in student enrollment,Education
Legal experts debate digital data protection act,Law
Festival promotes folk music and heritage,Culture
Startup raises $50 million in Series B funding,Business
Government increases funding for rural schools,Education
Scientists develop biodegradable batteries,Science
NEET exam results to be declared next week,Education
Banks announce new fixed deposit interest rates,Finance
Government launches free vaccination drive,Health
Cultural exchange program between India and Japan,Culture
Music festival to be held in Hyderabad next month,Entertainment
Festival promotes folk music and heritage,Culture
Government increases MSP for wheat and rice,Agriculture
Scientists develop biodegradable batteries,Science
Traditional art forms revived in Andhra Pradesh,Culture
High Court grants bail in political case,Law
ISRO prepares for next lunar mission,Science
Police arrest five suspects in bank robbery case,Crime
Online learning platforms see surge in student enrollment,Education
Traditional art forms revived in Andhra Pradesh,Culture
NASA discovers new exoplanet in nearby galaxy,Science
Kidnapping case solved within 48 hours,Crime
Mutual funds report record inflows this year,Finance
NGOs protest against rising unemployment,Social Issues
Streaming platforms report record subscriptions,Entertainment
NGOs protest against rising unemployment,Social Issues
Monsoon arrives early this year,Weather
Supreme Court rules on new privacy law,Law
Government announces tax benefits for small businesses,Business
Oil prices drop as global demand slows,Business
Startup develops drone for smart agriculture monitoring,Technology
China announces new space exploration mission,World News
China announces new space exploration mission,World News
Diwali celebrations begin across the country,Culture
Apple unveils new AI-powered iPhone,Technology
Government launches free vaccination drive,Health
Festival promotes folk music and heritage,Culture
Government announces tax benefits for small businesses,Business
Railways introduce high-speed train between cities,Transportation
Legal experts debate digital data protection act,Law
Google launches satellite internet service in rural India,Technology
Cybersecurity experts warn of new ransomware attack,Technology
Director wins national award for best film,Entertainment
Digital payments grow 40% in 2025,Finance
Director wins national award for best film,Entertainment
Government announces new election reforms,Politics
Researchers develop new drug for cancer prevention,Health
Social media movement promotes mental health awareness,Social Issues
University introduces AI and robotics programs,Education
Government launches 'Visit India 2025' campaign,Tourism
Military conducts joint exercise with France,Defense
Monsoon rains improve crop conditions in Maharashtra,Agriculture
Mutual funds report record inflows this year,Finance
Delhi Metro opens new route to airport,Transportation
Farmers adopt drip irrigation for better yield,Agriculture
Campaign launched for women empowerment,Social Issues
Startup raises $50 million in Series B funding,Business
Police arrest five suspects in bank robbery case,Crime
Streaming platforms report record subscriptions,Entertainment
Farmers adopt drip irrigation for better yield,Agriculture
Startup develops drone for smart agriculture monitoring,Technology
Railways introduce high-speed train between cities,Transportation
US and India sign trade agreement,World News
Music festival to be held in Hyderabad next month,Entertainment
Doctors warn about rising dengue cases in South India,Health
Railways introduce high-speed train between cities,Transportation
Doctors warn about rising dengue cases in South India,Health
Oil prices drop as global demand slows,Business
Bollywood actor announces upcoming movie release,Entertainment
Rising sea levels threaten coastal villages,Environment
Heavy pollution levels recorded in Delhi NCR,Environment
Streaming platforms report record subscriptions,Entertainment
India wins the final match by 5 wickets,Sports
Banks announce new fixed deposit interest rates,Finance
Cyclone warning issued for coastal Andhra Pradesh,Weather
Virat Kohli scores another century in T20 series,Sports
NGOs protest against rising unemployment,Social Issues
RBI keeps repo rate unchanged for next quarter,Finance
Banks announce new fixed deposit interest rates,Finance
Police arrest five suspects in bank robbery case,Crime
Court sentences accused in corruption scandal,Crime
Defense budget increased for modernization,Defense
Bollywood actor announces upcoming movie release,Entertainment
Monsoon rains improve crop conditions in Maharashtra,Agriculture
Government launches free vaccination drive,Health
Farmers adopt drip irrigation for better yield,Agriculture
Judiciary introduces e-filing system nationwide,Law
Legal experts debate digital data protection act,Law
RBI keeps repo rate unchanged for next quarter,Finance
Defense budget increased for modernization,Defense
Diwali celebrations begin across the country,Culture
Agri-tech startups help farmers monitor soil health,Agriculture
Prime Minister visits flood-affected regions,Politics
US and India sign trade agreement,World News
Olympic committee approves new event for 2028,Sports
Doctors warn about rising dengue cases in South India,Health
Government launches free vaccination drive,Health
Monsoon arrives early this year,Weather
Startup develops drone for smart agriculture monitoring,Technology
ISRO prepares for next lunar mission,Science
Social media movement promotes mental health awareness,Social Issues
Child education programs expand to rural areas,Social Issues
Cyclone warning issued for coastal Andhra Pradesh,Weather
India wins the final match by 5 wickets,Sports
Child education programs expand to rural areas,Social Issues
Tree plantation drive starts across Telangana,Environment
Kidnapping case solved within 48 hours,Crime
Legal experts debate digital data protection act,Law
Government bans plastic use in major cities,Environment
Cybercrime rate increases in metropolitan areas,Crime
Farmers adopt drip irrigation for better yield,Agriculture
Mutual funds report record inflows this year,Finance
Government launches 'Visit India 2025' campaign,Tourism
Online learning platforms see surge in student enrollment,Education
Researchers develop new drug for cancer prevention,Health
Startup develops drone for smart agriculture monitoring,Technology
Defense budget increased for modernization,Defense
Government launches 'Visit India 2025' campaign,Tourism
Cybercrime rate increases in metropolitan areas,Crime
Startup raises $50 million in Series B funding,Business
Researchers develop new drug for cancer prevention,Health
Opposition leader accuses ruling party of corruption,Politics
Social media movement promotes mental health awareness,Social Issues
High Court grants bail in political case,Law
Severe heatwave expected in northern India,Weather
Google launches satellite internet service in rural India,Technology
Diwali celebrations begin across the country,Culture
Tree plantation drive starts across Telangana,Environment
Quantum computing breakthrough announced,Science
Monsoon rains improve crop conditions in Maharashtra,Agriculture
Government bans plastic use in major cities,Environment
Taj Mahal sees record number of visitors,Tourism
Diwali celebrations begin across the country,Culture
Indian Navy commissions new submarine,Defense
Cybercrime rate increases in metropolitan areas,Crime
Scientists develop biodegradable batteries,Science
Oil prices drop as global demand slows,Business
US and India sign trade agreement,World News
Parliament passes the new economic bill,Politics
Streaming platforms report record subscriptions,Entertainment
Doctors warn about rising dengue cases in South India,Health
Oil prices drop as global demand slows,Business
NASA discovers new exoplanet in nearby galaxy,Science
Court sentences accused in corruption scandal,Crime
Online learning platforms see surge in student enrollment,Education
Severe heatwave expected in northern India,Weather
WHO introduces new guidelines for diabetes treatment,Health
Court sentences accused in corruption scandal,Crime
Court sentences accused in corruption scandal,Crime
Festival promotes folk music and heritage,Culture
Severe heatwave expected in northern India,Weather
Quantum computing breakthrough announced,Science
Cultural exchange program between India and Japan,Culture
NGOs protest against rising unemployment,Social Issues
Quantum computing breakthrough announced,Science
NEET exam results to be declared next week,Education
Government increases MSP for wheat and rice,Agriculture
Taj Mahal sees record number of visitors,Tourism
Legal experts debate digital data protection act,Law
Festival promotes folk music and heritage,Culture
Startup raises $50 million in Series B funding,Business
Legal experts debate digital data protection act,Law
Defense budget increased for modernization,Defense
Military conducts joint exercise with France,Defense
Banks announce new fixed deposit interest rates,Finance
Mutual funds report record inflows this year,Finance
NASA discovers new exoplanet in nearby galaxy,Science
NASA discovers new exoplanet in nearby galaxy,Science
Cybersecurity experts warn of new ransomware attack,Technology
China announces new space exploration mission,World News
Government announces tax benefits for small businesses,Business
Cultural exchange program between India and Japan,Culture
Railways introduce high-speed train between cities,Transportation
US and India sign trade agreement,World News
Traditional art forms revived in Andhra Pradesh,Culture
Government launches free vaccination drive,Health
Visa-free travel for selected Asian countries,Tourism
Traditional art forms revived in Andhra Pradesh,Culture
US and India sign trade agreement,World News
Streaming platforms report record subscriptions,Entertainment
Government increases funding for rural schools,Education
Legal experts debate digital data protection act,Law
Quantum computing breakthrough announced,Science
Monsoon arrives early this year,Weather
Government announces tax benefits for small businesses,Business
Government increases funding for rural schools,Education
NGOs protest against rising unemployment,Social Issues
Stock markets hit record highs amid economic optimism,Business
Google launches satellite internet service in rural India,Technology
Monsoon arrives early this year,Weather
Olympic committee approves new event for 2028,Sports
Banks announce new fixed deposit interest rates,Finance
Diwali celebrations begin across the country,Culture
Cultural exchange program between India and Japan,Culture
Agri-tech startups help farmers monitor soil health,Agriculture
UN discusses peace resolution for global conflicts,World News
Railways introduce high-speed train between cities,Transportation
Judiciary introduces e-filing system nationwide,Law
Olympic committee approves new event for 2028,Sports
Supreme Court rules on new privacy law,Law
Google launches satellite internet service in rural India,Technology
Government invests in electric bus infrastructure,Transportation
Researchers develop new drug for cancer prevention,Health
Virat Kohli scores another century in T20 series,Sports
Olympic committee approves new event for 2028,Sports
Government announces new election reforms,Politics
RBI keeps repo rate unchanged for next quarter,Finance
Online learning platforms see surge in student enrollment,Education
Government launches 'Visit India 2025' campaign,Tourism
Music festival to be held in Hyderabad next month,Entertainment
Taj Mahal sees record number of visitors,Tourism
Stock markets hit record highs amid economic optimism,Business
Social media movement promotes mental health awareness,Social Issues
Mutual funds report record inflows this year,Finance
Agri-tech startups help farmers monitor soil health,Agriculture
High Court grants bail in political case,Law
Mutual funds report record inflows this year,Finance
Taj Mahal sees record number of visitors,Tourism
Government increases MSP for wheat and rice,Agriculture
Diwali celebrations begin across the country,Culture
University introduces AI and robotics programs,Education
Quantum computing breakthrough announced,Science
Banks announce new fixed deposit interest rates,Finance
Tree plantation drive starts across Telangana,Environment
Cybersecurity experts warn of new ransomware attack,Technology
Stock markets hit record highs amid economic optimism,Business
NEET exam results to be declared next week,Education
Doctors warn about rising dengue cases in South India,Health
Government launches free vaccination drive,Health
Government announces tax benefits for small businesses,Business
Music festival to be held in Hyderabad next month,Entertainment
Heavy pollution levels recorded in Delhi NCR,Environment
Monsoon rains improve crop conditions in Maharashtra,Agriculture
Campaign launched for women empowerment,Social Issues
University introduces AI and robotics programs,Education
UN discusses peace resolution for global conflicts,World News
Heavy pollution levels recorded in Delhi NCR,Environment
DRDO tests new surface-to-air missile successfully,Defense
NASA discovers new exoplanet in nearby galaxy,Science
Stock markets hit record highs amid economic optimism,Business
Defense budget increased for modernization,Defense
Government increases MSP for wheat and rice,Agriculture
Startup develops drone for smart agriculture monitoring,Technology
Agri-tech startups help farmers monitor soil health,Agriculture
Cybercrime rate increases in metropolitan areas,Crime
Diwali celebrations begin across the country,Culture
Monsoon arrives early this year,Weather
Heavy pollution levels recorded in Delhi NCR,Environment
Apple unveils new AI-powered iPhone,Technology
Supreme Court rules on new privacy law,Law
DRDO tests new surface-to-air missile successfully,Defense
Police arrest five suspects in bank robbery case,Crime
Government announces new election reforms,Politics
Eco-tourism initiatives grow in Kerala,Tourism
Digital payments grow 40% in 2025,Finance
Monsoon rains improve crop conditions in Maharashtra,Agriculture
Cybersecurity experts warn of new ransomware attack,Technology
ISRO prepares for next lunar mission,Science
Winter rainfall breaks decade-old record,Weather
Monsoon arrives early this year,Weather
Quantum computing breakthrough announced,Science
Farmers adopt drip irrigation for better yield,Agriculture
Farmers adopt drip irrigation for better yield,Agriculture
Google launches satellite internet service in rural India,Technology
Kidnapping case solved within 48 hours,Crime
Quantum computing breakthrough announced,Science
Railways introduce high-speed train between cities,Transportation
Quantum computing breakthrough announced,Science
Legal experts debate digital data protection act,Law
Government announces tax benefits for small businesses,Business
Monsoon rains improve crop conditions in Maharashtra,Agriculture
Cultural exchange program between India and Japan,Culture
Cultural exchange program between India and Japan,Culture
European countries face record heatwaves,World News
Indian Navy commissions new submarine,Defense
Government increases funding for rural schools,Education
Oil prices drop as global demand slows,Business
Apple unveils new AI-powered iPhone,Technology
Government increases funding for rural schools,Education
NEET exam results to be declared next week,Education
High Court grants bail in political case,Law
Government announces new election reforms,Politics
Bollywood actor announces upcoming movie release,Entertainment
University introduces AI and robotics programs,Education
Government announces new election reforms,Politics
Defense budget increased for modernization,Defense
Scientists develop biodegradable batteries,Science
Virat Kohli scores another century in T20 series,Sports
NEET exam results to be declared next week,Education
Campaign launched for women empowerment,Social Issues
Startup raises $50 million in Series B funding,Business
WHO introduces new guidelines for diabetes treatment,Health
Defense budget increased for modernization,Defense
Kidnapping case solved within 48 hours,Crime
Court sentences accused in corruption scandal,Crime
Visa-free travel for selected Asian countries,Tourism
Traditional art forms revived in Andhra Pradesh,Culture
Cultural exchange program between India and Japan,Culture
China announces new space exploration mission,World News
Rising sea levels threaten coastal villages,Environment
China announces new space exploration mission,World News
Mutual funds report record inflows this year,Finance
Railways introduce high-speed train between cities,Transportation
Severe heatwave expected in northern India,Weather
High Court grants bail in political case,Law
Heavy pollution levels recorded in Delhi NCR,Environment
Quantum computing breakthrough announced,Science
Director wins national award for best film,Entertainment
Music festival to be held in Hyderabad next month,Entertainment
Cybersecurity experts warn of new ransomware attack,Technology
Social media movement promotes mental health awareness,Social Issues
Director wins national award for best film,Entertainment
European countries face record heatwaves,World News
Mutual funds report record inflows this year,Finance
Kidnapping case solved within 48 hours,Crime
Apple unveils new AI-powered iPhone,Technology
Virat Kohli scores another century in T20 series,Sports
Government announces tax benefits for small businesses,Business
Online learning platforms see surge in student enrollment,Education
Tree plantation drive starts across Telangana,Environment
European countries face record heatwaves,World News
Agri-tech startups help farmers monitor soil health,Agriculture
Traditional art forms revived in Andhra Pradesh,Culture
Digital payments grow 40% in 2025,Finance
Taj Mahal sees record number of visitors,Tourism
DRDO tests new surface-to-air missile successfully,Defense
Tree plantation drive starts across Telangana,Environment
Defense budget increased for modernization,Defense
WHO introduces new guidelines for diabetes treatment,Health
Government announces new election reforms,Politics
Parliament passes the new economic bill,Politics
Police arrest five suspects in bank robbery case,Crime
Legal experts debate digital data protection act,Law
Government increases MSP for wheat and rice,Agriculture
Streaming platforms report record subscriptions,Entertainment
Winter rainfall breaks decade-old record,Weather
Diwali celebrations begin across the country,Culture
Judiciary introduces e-filing system nationwide,Law
Oil prices drop as global demand slows,Business
Campaign launched for women empowerment,Social Issues
Apple unveils new AI-powered iPhone,Technology
Football league postpones games due to rain,Sports
Football league postpones games due to rain,Sports
Monsoon arrives early this year,Weather
NGOs protest against rising unemployment,Social Issues
WHO introduces new guidelines for diabetes treatment,Health
Railways introduce high-speed train between cities,Transportation
Government launches 'Visit India 2025' campaign,Tourism
Opposition leader accuses ruling party of corruption,Politics
ISRO prepares for next lunar mission,Science
Social media movement promotes mental health awareness,Social Issues
Taj Mahal sees record number of visitors,Tourism
India wins the final match by 5 wickets,Sports
Delhi Metro opens new route to airport,Transportation
RBI keeps repo rate unchanged for next quarter,Finance
Apple unveils new AI-powered iPhone,Technology
Taj Mahal sees record number of visitors,Tourism
WHO introduces new guidelines for diabetes treatment,Health
Defense budget increased for modernization,Defense
Court sentences accused in corruption scandal,Crime
Taj Mahal sees record number of visitors,Tourism
Mutual funds report record inflows this year,Finance
Government launches free vaccination drive,Health
Government launches 'Visit India 2025' campaign,Tourism
Tree plantation drive starts across Telangana,Environment
Farmers adopt drip irrigation for better yield,Agriculture
Doctors warn about rising dengue cases in South India,Health
Supreme Court rules on new privacy law,Law
Cyclone warning issued for coastal Andhra Pradesh,Weather
Scientists develop biodegradable batteries,Science
Tree plantation drive starts across Telangana,Environment
Monsoon rains improve crop conditions in Maharashtra,Agriculture
Campaign launched for women empowerment,Social Issues
Kidnapping case solved within 48 hours,Crime
Google launches satellite internet service in rural India,Technology
NEET exam results to be declared next week,Education
Eco-tourism initiatives grow in Kerala,Tourism
Railways introduce high-speed train between cities,Transportation
Festival promotes folk music and heritage,Culture
Heavy pollution levels recorded in Delhi NCR,Environment
Winter rainfall breaks decade-old record,Weather
Digital payments grow 40% in 2025,Finance
High Court grants bail in political case,Law
Government launches free vaccination drive,Health
WHO introduces new guidelines for diabetes treatment,Health
Quantum computing breakthrough announced,Science
Scientists develop biodegradable batteries,Science
Campaign launched for women empowerment,Social Issues
Road safety week promotes awareness among drivers,Transportation
ISRO prepares for next lunar mission,Science
Court sentences accused in corruption scandal,Crime
Police arrest five suspects in bank robbery case,Crime
ISRO prepares for next lunar mission,Science
Stock markets hit record highs amid economic optimism,Business
Quantum computing breakthrough announced,Science
Visa-free travel for selected Asian countries,Tourism
NGOs protest against rising unemployment,Social Issues
Child education programs expand to rural areas,Social Issues
Traditional art forms revived in Andhra Pradesh,Culture
India wins the final match by 5 wickets,Sports
Mutual funds report record inflows this year,Finance
NGOs protest against rising unemployment,Social Issues
Digital payments grow 40% in 2025,Finance
Virat Kohli scores another century in T20 series,Sports
Apple unveils new AI-powered iPhone,Technology
European countries face record heatwaves,World News
Heavy pollution levels recorded in Delhi NCR,Environment
Stock markets hit record highs amid economic optimism,Business
Opposition leader accuses ruling party of corruption,Politics
Railways introduce high-speed train between cities,Transportation
Tree plantation drive starts across Telangana,Environment
Agri-tech startups help farmers monitor soil health,Agriculture
Traditional art forms revived in Andhra Pradesh,Culture
High Court grants bail in political case,Law
Startup develops drone for smart agriculture monitoring,Technology
University introduces AI and robotics programs,Education
Military conducts joint exercise with France,Defense
Winter rainfall breaks decade-old record,Weather
Government launches free vaccination drive,Health
University introduces AI and robotics programs,Education
Winter rainfall breaks decade-old record,Weather
NEET exam results to be declared next week,Education
RBI keeps repo rate unchanged for next quarter,Finance
RBI keeps repo rate unchanged for next quarter,Finance
NASA discovers new exoplanet in nearby galaxy,Science
Taj Mahal sees record number of visitors,Tourism
Road safety week promotes awareness among drivers,Transportation
Cybersecurity experts warn of new ransomware attack,Technology
Government announces tax benefits for small businesses,Business
Heavy pollution levels recorded in Delhi NCR,Environment
Olympic committee approves new event for 2028,Sports
Online learning platforms see surge in student enrollment,Education
Cultural exchange program between India and Japan,Culture
Agri-tech startups help farmers monitor soil health,Agriculture
Taj Mahal sees record number of visitors,Tourism
RBI keeps repo rate unchanged for next quarter,Finance
Banks announce new fixed deposit interest rates,Finance
Mutual funds report record inflows this year,Finance
Banks announce new fixed deposit interest rates,Finance
Social media movement promotes mental health awareness,Social Issues
Monsoon rains improve crop conditions in Maharashtra,Agriculture
ISRO prepares for next lunar mission,Science
Monsoon rains improve crop conditions in Maharashtra,Agriculture
Parliament passes the new economic bill,Politics
Legal experts debate digital data protection act,Law
Cyclone warning issued for coastal Andhra Pradesh,Weather
Delhi Metro opens new route to airport,Transportation
Online learning platforms see surge in student enrollment,Education
RBI keeps repo rate unchanged for next quarter,Finance
Eco-tourism initiatives grow in Kerala,Tourism
Online learning platforms see surge in student enrollment,Education
Researchers develop new drug for cancer prevention,Health
Tree plantation drive starts across Telangana,Environment
DRDO tests new surface-to-air missile successfully,Defense
Researchers develop new drug for cancer prevention,Health
Railways introduce high-speed train between cities,Transportation
Taj Mahal sees record number of visitors,Tourism
Railways introduce high-speed train between cities,Transportation
Mutual funds report record inflows this year,Finance
Farmers adopt drip irrigation for better yield,Agriculture
Prime Minister visits flood-affected regions,Politics
Taj Mahal sees record number of visitors,Tourism
Researchers develop new drug for cancer prevention,Health
University introduces AI and robotics programs,Education
Diwali celebrations begin across the country,Culture
University introduces AI and robotics programs,Education
Government bans plastic use in major cities,Environment
India wins the final match by 5 wickets,Sports
Judiciary introduces e-filing system nationwide,Law
Startup develops drone for smart agriculture monitoring,Technology
Eco-tourism initiatives grow in Kerala,Tourism
Police arrest five suspects in bank robbery case,Crime
Kidnapping case solved within 48 hours,Crime
Government announces new election reforms,Politics
UN discusses peace resolution for global conflicts,World News
Supreme Court rules on new privacy law,Law
Child education programs expand to rural areas,Social Issues
Delhi Metro opens new route to airport,Transportation
Mutual funds report record inflows this year,Finance
Quantum computing breakthrough announced,Science
NGOs protest against rising unemployment,Social Issues
Taj Mahal sees record number of visitors,Tourism
ISRO prepares for next lunar mission,Science
Scientists develop biodegradable batteries,Science
Government announces new election reforms,Politics
Government launches free vaccination drive,Health
Startup raises $50 million in Series B funding,Business
Government bans plastic use in major cities,Environment
Stock markets hit record highs amid economic optimism,Business
Delhi Metro opens new route to airport,Transportation
Apple unveils new AI-powered iPhone,Technology
Government announces tax benefits for small businesses,Business
Oil prices drop as global demand slows,Business
Eco-tourism initiatives grow in Kerala,Tourism
Traditional art forms revived in Andhra Pradesh,Culture
Farmers adopt drip irrigation for better yield,Agriculture
Digital payments grow 40% in 2025,Finance
Monsoon arrives early this year,Weather
Director wins national award for best film,Entertainment
Government announces new election reforms,Politics
NEET exam results to be declared next week,Education
Eco-tourism initiatives grow in Kerala,Tourism
Taj Mahal sees record number of visitors,Tourism
Court sentences accused in corruption scandal,Crime
Cyclone warning issued for coastal Andhra Pradesh,Weather
Startup develops drone for smart agriculture monitoring,Technology
Diwali celebrations begin across the country,Culture
Virat Kohli scores another century in T20 series,Sports
Banks announce new fixed deposit interest rates,Finance
RBI keeps repo rate unchanged for next quarter,Finance
Startup develops drone for smart agriculture monitoring,Technology
Startup raises $50 million in Series B funding,Business
Google launches satellite internet service in rural India,Technology
Court sentences accused in corruption scandal,Crime
Streaming platforms report record subscriptions,Entertainment
Military conducts joint exercise with France,Defense
Monsoon arrives early this year,Weather
Mutual funds report record inflows this year,Finance
Apple unveils new AI-powered iPhone,Technology
Rising sea levels threaten coastal villages,Environment
Severe heatwave expected in northern India,Weather
Cyclone warning issued for coastal Andhra Pradesh,Weather
Traditional art forms revived in Andhra Pradesh,Culture
Court sentences accused in corruption scandal,Crime
US and India sign trade agreement,World News
Supreme Court rules on new privacy law,Law
Google launches satellite internet service in rural India,Technology
Social media movement promotes mental health awareness,Social Issues
Severe heatwave expected in northern India,Weather
Police arrest five suspects in bank robbery case,Crime
Severe heatwave expected in northern India,Weather
Legal experts debate digital data protection act,Law
Farmers adopt drip irrigation for better yield,Agriculture
Cyclone warning issued for coastal Andhra Pradesh,Weather
Apple unveils new AI-powered iPhone,Technology
Winter rainfall breaks decade-old record,Weather
Judiciary introduces e-filing system nationwide,Law
Traditional art forms revived in Andhra Pradesh,Culture
Mutual funds report record inflows this year,Finance
Online learning platforms see surge in student enrollment,Education
Cybercrime rate increases in metropolitan areas,Crime
NASA discovers new exoplanet in nearby galaxy,Science
Oil prices drop as global demand slows,Business
Apple unveils new AI-powered iPhone,Technology
RBI keeps repo rate unchanged for next quarter,Finance
Taj Mahal sees record number of visitors,Tourism
Scientists develop biodegradable batteries,Science
Online learning platforms see surge in student enrollment,Education
Child education programs expand to rural areas,Social Issues
Festival promotes folk music and heritage,Culture
Military conducts joint exercise with France,Defense
Government increases funding for rural schools,Education
Government invests in electric bus infrastructure,Transportation
Streaming platforms report record subscriptions,Entertainment
UN discusses peace resolution for global conflicts,World News
Festival promotes folk music and heritage,Culture
Heavy pollution levels recorded in Delhi NCR,Environment
Scientists develop biodegradable batteries,Science
Banks announce new fixed deposit interest rates,Finance
ISRO prepares for next lunar mission,Science
Football league postpones games due to rain,Sports
Supreme Court rules on new privacy law,Law
UN discusses peace resolution for global conflicts,World News
Government bans plastic use in major cities,Environment
Festival promotes folk music and heritage,Culture
Monsoon rains improve crop conditions in Maharashtra,Agriculture
Doctors warn about rising dengue cases in South India,Health
Monsoon arrives early this year,Weather
Railways introduce high-speed train between cities,Transportation
Campaign launched for women empowerment,Social Issues
Football league postpones games due to rain,Sports
Olympic committee approves new event for 2028,Sports
Farmers adopt drip irrigation for better yield,Agriculture
NEET exam results to be declared next week,Education
Traditional art forms revived in Andhra Pradesh,Culture
Government increases funding for rural schools,Education
Road safety week promotes awareness among drivers,Transportation
Government announces new election reforms,Politics
Streaming platforms report record subscriptions,Entertainment
WHO introduces new guidelines for diabetes treatment,Health
Traditional art forms revived in Andhra Pradesh,Culture
University introduces AI and robotics programs,Education
Defense budget increased for modernization,Defense
Government launches 'Visit India 2025' campaign,Tourism
Government announces tax benefits for small businesses,Business
Judiciary introduces e-filing system nationwide,Law
Supreme Court rules on new privacy law,Law
Campaign launched for women empowerment,Social Issues
Olympic committee approves new event for 2028,Sports
Monsoon arrives early this year,Weather
Court sentences accused in corruption scandal,Crime
Indian Navy commissions new submarine,Defense
Quantum computing breakthrough announced,Science
Road safety week promotes awareness among drivers,Transportation
Researchers develop new drug for cancer prevention,Health
Startup develops drone for smart agriculture monitoring,Technology
Eco-tourism initiatives grow in Kerala,Tourism
Startup develops drone for smart agriculture monitoring,Technology
Monsoon arrives early this year,Weather
Court sentences accused in corruption scandal,Crime
Delhi Metro opens new route to airport,Transportation
Campaign launched for women empowerment,Social Issues
Startup raises $50 million in Series B funding,Business
DRDO tests new surface-to-air missile successfully,Defense
European countries face record heatwaves,World News
Startup develops drone for smart agriculture monitoring,Technology
Festival promotes folk music and heritage,Culture
Government bans plastic use in major cities,Environment
Virat Kohli scores another century in T20 series,Sports
Parliament passes the new economic bill,Politics
Farmers adopt drip irrigation for better yield,Agriculture
Government launches free vaccination drive,Health
Defense budget increased for modernization,Defense
Scientists develop biodegradable batteries,Science
Researchers develop new drug for cancer prevention,Health
Farmers adopt drip irrigation for better yield,Agriculture
Farmers adopt drip irrigation for better yield,Agriculture
Campaign launched for women empowerment,Social Issues
DRDO tests new surface-to-air missile successfully,Defense
RBI keeps repo rate unchanged for next quarter,Finance
Road safety week promotes awareness among drivers,Transportation
Police arrest five suspects in bank robbery case,Crime
Government announces tax benefits for small businesses,Business
Bollywood actor announces upcoming movie release,Entertainment
Monsoon rains improve crop conditions in Maharashtra,Agriculture
NASA discovers new exoplanet in nearby galaxy,Science
Cyclone warning issued for coastal Andhra Pradesh,Weather
Government announces new election reforms,Politics
Opposition leader accuses ruling party of corruption,Politics
Kidnapping case solved within 48 hours,Crime
Stock markets hit record highs amid economic optimism,Business
India wins the final match by 5 wickets,Sports
Opposition leader accuses ruling party of corruption,Politics
Stock markets hit record highs amid economic optimism,Business
Cyclone warning issued for coastal Andhra Pradesh,Weather
Cyclone warning issued for coastal Andhra Pradesh,Weather
Government invests in electric bus infrastructure,Transportation
Streaming platforms report record subscriptions,Entertainment
Digital payments grow 40% in 2025,Finance
Digital payments grow 40% in 2025,Finance
Road safety week promotes awareness among drivers,Transportation
Cyclone warning issued for coastal Andhra Pradesh,Weather
Legal experts debate digital data protection act,Law
Bollywood actor announces upcoming movie release,Entertainment
Parliament passes the new economic bill,Politics
Football league postpones games due to rain,Sports
Bollywood actor announces upcoming movie release,Entertainment
Prime Minister visits flood-affected regions,Politics
Stock markets hit record highs amid economic optimism,Business
Government launches 'Visit India 2025' campaign,Tourism
Tree plantation drive starts across Telangana,Environment
Doctors warn about rising dengue cases in South India,Health
Severe heatwave expected in northern India,Weather
Government launches 'Visit India 2025' campaign,Tourism
Campaign launched for women empowerment,Social Issues
WHO introduces new guidelines for diabetes treatment,Health
Google launches satellite internet service in rural India,Technology
NEET exam results to be declared next week,Education
Government announces new election reforms,Politics
India wins the final match by 5 wickets,Sports
Doctors warn about rising dengue cases in South India,Health
Government announces new election reforms,Politics
NEET exam results to be declared next week,Education
Football league postpones games due to rain,Sports
Government increases funding for rural schools,Education
High Court grants bail in political case,Law
Festival promotes folk music and heritage,Culture
Heavy pollution levels recorded in Delhi NCR,Environment
Virat Kohli scores another century in T20 series,Sports
Military conducts joint exercise with France,Defense
Agri-tech startups help farmers monitor soil health,Agriculture
Delhi Metro opens new route to airport,Transportation
India wins the final match by 5 wickets,Sports
Doctors warn about rising dengue cases in South India,Health
Social media movement promotes mental health awareness,Social Issues
High Court grants bail in political case,Law
Agri-tech startups help farmers monitor soil health,Agriculture
Railways introduce high-speed train between cities,Transportation
Judiciary introduces e-filing system nationwide,Law
WHO introduces new guidelines for diabetes treatment,Health
US and India sign trade agreement,World News
Cultural exchange program between India and Japan,Culture
Mutual funds report record inflows this year,Finance
Apple unveils new AI-powered iPhone,Technology
Social media movement promotes mental health awareness,Social Issues
Government announces tax benefits for small businesses,Business
Legal experts debate digital data protection act,Law
Monsoon rains improve crop conditions in Maharashtra,Agriculture
India wins the final match by 5 wickets,Sports
Prime Minister visits flood-affected regions,Politics
Heavy pollution levels recorded in Delhi NCR,Environment
Prime Minister visits flood-affected regions,Politics
Doctors warn about rising dengue cases in South India,Health
Heavy pollution levels recorded in Delhi NCR,Environment
Scientists develop biodegradable batteries,Science
Streaming platforms report record subscriptions,Entertainment
Government increases funding for rural schools,Education
Child education programs expand to rural areas,Social Issues
Virat Kohli scores another century in T20 series,Sports
Cybercrime rate increases in metropolitan areas,Crime
Prime Minister visits flood-affected regions,Politics
Apple unveils new AI-powered iPhone,Technology
WHO introduces new guidelines for diabetes treatment,Health
Judiciary introduces e-filing system nationwide,Law
Eco-tourism initiatives grow in Kerala,Tourism
Heavy pollution levels recorded in Delhi NCR,Environment
UN discusses peace resolution for global conflicts,World News
NGOs protest against rising unemployment,Social Issues
Football league postpones games due to rain,Sports
Heavy pollution levels recorded in Delhi NCR,Environment
Military conducts joint exercise with France,Defense
Government increases funding for rural schools,Education
Bollywood actor announces upcoming movie release,Entertainment
High Court grants bail in political case,Law
Stock markets hit record highs amid economic optimism,Business
Apple unveils new AI-powered iPhone,Technology
Cybercrime rate increases in metropolitan areas,Crime
Heavy pollution levels recorded in Delhi NCR,Environment
Parliament passes the new economic bill,Politics
Cybersecurity experts warn of new ransomware attack,Technology
Government increases funding for rural schools,Education
University introduces AI and robotics programs,Education
Taj Mahal sees record number of visitors,Tourism
Doctors warn about rising dengue cases in South India,Health
Cybersecurity experts warn of new ransomware attack,Technology
Road safety week promotes awareness among drivers,Transportation
Child education programs expand to rural areas,Social Issues
Defense budget increased for modernization,Defense
Apple unveils new AI-powered iPhone,Technology
Banks announce new fixed deposit interest rates,Finance
Director wins national award for best film,Entertainment
Winter rainfall breaks decade-old record,Weather
Supreme Court rules on new privacy law,Law
Online learning platforms see surge in student enrollment,Education
Prime Minister visits flood-affected regions,Politics
Researchers develop new drug for cancer prevention,Health
Music festival to be held in Hyderabad next month,Entertainment
Indian Navy commissions new submarine,Defense
Quantum computing breakthrough announced,Science
Visa-free travel for selected Asian countries,Tourism
Rising sea levels threaten coastal villages,Environment
Banks announce new fixed deposit interest rates,Finance
Legal experts debate digital data protection act,Law
High Court grants bail in political case,Law
Government increases MSP for wheat and rice,Agriculture
Digital payments grow 40% in 2025,Finance
NEET exam results to be declared next week,Education
Indian Navy commissions new submarine,Defense
Tree plantation drive starts across Telangana,Environment
Oil prices drop as global demand slows,Business
Director wins national award for best film,Entertainment
Cybersecurity experts warn of new ransomware attack,Technology
Bollywood actor announces upcoming movie release,Entertainment
Military conducts joint exercise with France,Defense
Stock markets hit record highs amid economic optimism,Business
Government bans plastic use in major cities,Environment
Prime Minister visits flood-affected regions,Politics
Government increases funding for rural schools,Education
Government invests in electric bus infrastructure,Transportation
European countries face record heatwaves,World News
Startup raises $50 million in Series B funding,Business
Researchers develop new drug for cancer prevention,Health
Online learning platforms see surge in student enrollment,Education
Campaign launched for women empowerment,Social Issues
Winter rainfall breaks decade-old record,Weather
Monsoon arrives early this year,Weather
Child education programs expand to rural areas,Social Issues
Supreme Court rules on new privacy law,Law
Government announces new election reforms,Politics
Government launches 'Visit India 2025' campaign,Tourism
Rising sea levels threaten coastal villages,Environment
Campaign launched for women empowerment,Social Issues
Government bans plastic use in major cities,Environment
Olympic committee approves new event for 2028,Sports
Digital payments grow 40% in 2025,Finance
Researchers develop new drug for cancer prevention,Health
Monsoon rains improve crop conditions in Maharashtra,Agriculture
Agri-tech startups help farmers monitor soil health,Agriculture
High Court grants bail in political case,Law
Director wins national award for best film,Entertainment
Football league postpones games due to rain,Sports
Eco-tourism initiatives grow in Kerala,Tourism
Government invests in electric bus infrastructure,Transportation
Cybercrime rate increases in metropolitan areas,Crime
Police arrest five suspects in bank robbery case,Crime
Agri-tech startups help farmers monitor soil health,Agriculture
Monsoon rains improve crop conditions in Maharashtra,Agriculture
Google launches satellite internet service in rural India,Technology
Severe heatwave expected in northern India,Weather
Streaming platforms report record subscriptions,Entertainment
Opposition leader accuses ruling party of corruption,Politics
Monsoon arrives early this year,Weather
NASA discovers new exoplanet in nearby galaxy,Science
Indian Navy commissions new submarine,Defense
Child education programs expand to rural areas,Social Issues
Opposition leader accuses ruling party of corruption,Politics
Virat Kohli scores another century in T20 series,Sports
Government announces tax benefits for small businesses,Business
UN discusses peace resolution for global conflicts,World News
Government launches 'Visit India 2025' campaign,Tourism
Cybercrime rate increases in metropolitan areas,Crime
Football league postpones games due to rain,Sports
Traditional art forms revived in Andhra Pradesh,Culture
Digital payments grow 40% in 2025,Finance
NEET exam results to be declared next week,Education
Campaign launched for women empowerment,Social Issues
WHO introduces new guidelines for diabetes treatment,Health
WHO introduces new guidelines for diabetes treatment,Health
Winter rainfall breaks decade-old record,Weather
Government launches free vaccination drive,Health
Road safety week promotes awareness among drivers,Transportation
Bollywood actor announces upcoming movie release,Entertainment
Railways introduce high-speed train between cities,Transportation
Monsoon arrives early this year,Weather
Government bans plastic use in major cities,Environment
Director wins national award for best film,Entertainment
Quantum computing breakthrough announced,Science
Government increases MSP for wheat and rice,Agriculture
Oil prices drop as global demand slows,Business
Online learning platforms see surge in student enrollment,Education
NEET exam results to be declared next week,Education
Virat Kohli scores another century in T20 series,Sports
Kidnapping case solved within 48 hours,Crime
Judiciary introduces e-filing system nationwide,Law
Government announces tax benefits for small businesses,Business
Cybersecurity experts warn of new ransomware attack,Technology
Tree plantation drive starts across Telangana,Environment
Child education programs expand to rural areas,Social Issues
Road safety week promotes awareness among drivers,Transportation
US and India sign trade agreement,World News
Google launches satellite internet service in rural India,Technology
Oil prices drop as global demand slows,Business
Legal experts debate digital data protection act,Law
Oil prices drop as global demand slows,Business
Defense budget increased for modernization,Defense
Severe heatwave expected in northern India,Weather
Road safety week promotes awareness among drivers,Transportation
Government increases funding for rural schools,Education
Digital payments grow 40% in 2025,Finance
Military conducts joint exercise with France,Defense
Supreme Court rules on new privacy law,Law
RBI keeps repo rate unchanged for next quarter,Finance
NEET exam results to be declared next week,Education
Traditional art forms revived in Andhra Pradesh,Culture
Diwali celebrations begin across the country,Culture
Diwali celebrations begin across the country,Culture
Traditional art forms revived in Andhra Pradesh,Culture
RBI keeps repo rate unchanged for next quarter,Finance
Government announces tax benefits for small businesses,Business
Taj Mahal sees record number of visitors,Tourism
Rising sea levels threaten coastal villages,Environment
Startup raises $50 million in Series B funding,Business
Mutual funds report record inflows this year,Finance
Doctors warn about rising dengue cases in South India,Health
Government invests in electric bus infrastructure,Transportation
Mutual funds report record inflows this year,Finance
Mutual funds report record inflows this year,Finance
Social media movement promotes mental health awareness,Social Issues
Government increases funding for rural schools,Education
Football league postpones games due to rain,Sports
Mutual funds report record inflows this year,Finance
Prime Minister visits flood-affected regions,Politics
Child education programs expand to rural areas,Social Issues
Delhi Metro opens new route to airport,Transportation
NASA discovers new exoplanet in nearby galaxy,Science
Festival promotes folk music and heritage,Culture
Cybercrime rate increases in metropolitan areas,Crime
Stock markets hit record highs amid economic optimism,Business
Music festival to be held in Hyderabad next month,Entertainment
Football league postpones games due to rain,Sports
Banks announce new fixed deposit interest rates,Finance
Festival promotes folk music and heritage,Culture
Banks announce new fixed deposit interest rates,Finance
Director wins national award for best film,Entertainment
Child education programs expand to rural areas,Social Issues
Doctors warn about rising dengue cases in South India,Health
Court sentences accused in corruption scandal,Crime
Military conducts joint exercise with France,Defense
Scientists develop biodegradable batteries,Science
India wins the final match by 5 wickets,Sports
RBI keeps repo rate unchanged for next quarter,Finance
Scientists develop biodegradable batteries,Science
Visa-free travel for selected Asian countries,Tourism
Government increases funding for rural schools,Education
Music festival to be held in Hyderabad next month,Entertainment
Festival promotes folk music and heritage,Culture
Traditional art forms revived in Andhra Pradesh,Culture
Railways introduce high-speed train between cities,Transportation
Startup raises $50 million in Series B funding,Business
Court sentences accused in corruption scandal,Crime
Indian Navy commissions new submarine,Defense
Road safety week promotes awareness among drivers,Transportation
Music festival to be held in Hyderabad next month,Entertainment
Government increases funding for rural schools,Education
Heavy pollution levels recorded in Delhi NCR,Environment
Visa-free travel for selected Asian countries,Tourism
Cybercrime rate increases in metropolitan areas,Crime
Monsoon arrives early this year,Weather
Cultural exchange program between India and Japan,Culture
Director wins national award for best film,Entertainment
Music festival to be held in Hyderabad next month,Entertainment
Government increases funding for rural schools,Education
Agri-tech startups help farmers monitor soil health,Agriculture
Police arrest five suspects in bank robbery case,Crime
Road safety week promotes awareness among drivers,Transportation
Stock markets hit record highs amid economic optimism,Business
Researchers develop new drug for cancer prevention,Health
University introduces AI and robotics programs,Education
Opposition leader accuses ruling party of corruption,Politics
Severe heatwave expected in northern India,Weather
Festival promotes folk music and heritage,Culture
Delhi Metro opens new route to airport,Transportation
Startup develops drone for smart agriculture monitoring,Technology
Visa-free travel for selected Asian countries,Tourism
Festival promotes folk music and heritage,Culture
Traditional art forms revived in Andhra Pradesh,Culture
Government launches free vaccination drive,Health
Judiciary introduces e-filing system nationwide,Law
Government bans plastic use in major cities,Environment
Supreme Court rules on new privacy law,Law
Music festival to be held in Hyderabad next month,Entertainment
Cultural exchange program between India and Japan,Culture
Music festival to be held in Hyderabad next month,Entertainment
Social media movement promotes mental health awareness,Social Issues
Researchers develop new drug for cancer prevention,Health
NEET exam results to be declared next week,Education
DRDO tests new surface-to-air missile successfully,Defense
US and India sign trade agreement,World News
Railways introduce high-speed train between cities,Transportation
Olympic committee approves new event for 2028,Sports
Government launches 'Visit India 2025' campaign,Tourism
Traditional art forms revived in Andhra Pradesh,Culture
Digital payments grow 40% in 2025,Finance
Winter rainfall breaks decade-old record,Weather
Rising sea levels threaten coastal villages,Environment
Campaign launched for women empowerment,Social Issues
Supreme Court rules on new privacy law,Law
Parliament passes the new economic bill,Politics
Government announces new election reforms,Politics
Researchers develop new drug for cancer prevention,Health
Cyclone warning issued for coastal Andhra Pradesh,Weather
Researchers develop new drug for cancer prevention,Health
Kidnapping case solved within 48 hours,Crime
Court sentences accused in corruption scandal,Crime
Quantum computing breakthrough announced,Science
Visa-free travel for selected Asian countries,Tourism
High Court grants bail in political case,Law
Winter rainfall breaks decade-old record,Weather
Police arrest five suspects in bank robbery case,Crime
Government launches free vaccination drive,Health
US and India sign trade agreement,World News
Heavy pollution levels recorded in Delhi NCR,Environment
Prime Minister visits flood-affected regions,Politics
Taj Mahal sees record number of visitors,Tourism
Judiciary introduces e-filing system nationwide,Law
Doctors warn about rising dengue cases in South India,Health
Mutual funds report record inflows this year,Finance
Football league postpones games due to rain,Sports
Military conducts joint exercise with France,Defense
Cyclone warning issued for coastal Andhra Pradesh,Weather
Stock markets hit record highs amid economic optimism,Business
High Court grants bail in political case,Law
Supreme Court rules on new privacy law,Law
Director wins national award for best film,Entertainment
Road safety week promotes awareness among drivers,Transportation
Taj Mahal sees record number of visitors,Tourism
Government increases MSP for wheat and rice,Agriculture
Olympic committee approves new event for 2028,Sports
Government announces tax benefits for small businesses,Business
Campaign launched for women empowerment,Social Issues
Visa-free travel for selected Asian countries,Tourism
Agri-tech startups help farmers monitor soil health,Agriculture
Music festival to be held in Hyderabad next month,Entertainment
DRDO tests new surface-to-air missile successfully,Defense
Cyclone warning issued for coastal Andhra Pradesh,Weather
Startup raises $50 million in Series B funding,Business
University introduces AI and robotics programs,Education
Cyclone warning issued for coastal Andhra Pradesh,Weather
Cultural exchange program between India and Japan,Culture
Apple unveils new AI-powered iPhone,Technology
Banks announce new fixed deposit interest rates,Finance
Virat Kohli scores another century in T20 series,Sports
Government increases MSP for wheat and rice,Agriculture
Google launches satellite internet service in rural India,Technology
Government launches free vaccination drive,Health
Cyclone warning issued for coastal Andhra Pradesh,Weather
Court sentences accused in corruption scandal,Crime
Monsoon arrives early this year,Weather
NASA discovers new exoplanet in nearby galaxy,Science
Kidnapping case solved within 48 hours,Crime
Cyclone warning issued for coastal Andhra Pradesh,Weather
Diwali celebrations begin across the country,Culture
Traditional art forms revived in Andhra Pradesh,Culture
Doctors warn about rising dengue cases in South India,Health
Festival promotes folk music and heritage,Culture
DRDO tests new surface-to-air missile successfully,Defense
Heavy pollution levels recorded in Delhi NCR,Environment
Cybercrime rate increases in metropolitan areas,Crime
Court sentences accused in corruption scandal,Crime
Digital payments grow 40% in 2025,Finance
Kidnapping case solved within 48 hours,Crime
Campaign launched for women empowerment,Social Issues
Startup raises $50 million in Series B funding,Business
NASA discovers new exoplanet in nearby galaxy,Science
US and India sign trade agreement,World News
Delhi Metro opens new route to airport,Transportation
Banks announce new fixed deposit interest rates,Finance
Scientists develop biodegradable batteries,Science
Defense budget increased for modernization,Defense
ISRO prepares for next lunar mission,Science
DRDO tests new surface-to-air missile successfully,Defense
Prime Minister visits flood-affected regions,Politics
Campaign launched for women empowerment,Social Issues
Doctors warn about rising dengue cases in South India,Health
Social media movement promotes mental health awareness,Social Issues
ISRO prepares for next lunar mission,Science
Director wins national award for best film,Entertainment
Opposition leader accuses ruling party of corruption,Politics
Government launches 'Visit India 2025' campaign,Tourism
Quantum computing breakthrough announced,Science
Severe heatwave expected in northern India,Weather
Military conducts joint exercise with France,Defense
Winter rainfall breaks decade-old record,Weather
Winter rainfall breaks decade-old record,Weather
Stock markets hit record highs amid economic optimism,Business
Streaming platforms report record subscriptions,Entertainment
Government announces new election reforms,Politics
Oil prices drop as global demand slows,Business
Indian Navy commissions new submarine,Defense
Court sentences accused in corruption scandal,Crime
Kidnapping case solved within 48 hours,Crime
University introduces AI and robotics programs,Education
Prime Minister visits flood-affected regions,Politics
Social media movement promotes mental health awareness,Social Issues
Startup develops drone for smart agriculture monitoring,Technology
Eco-tourism initiatives grow in Kerala,Tourism
China announces new space exploration mission,World News
US and India sign trade agreement,World News
Agri-tech startups help farmers monitor soil health,Agriculture
Google launches satellite internet service in rural India,Technology
RBI keeps repo rate unchanged for next quarter,Finance
Quantum computing breakthrough announced,Science
Legal experts debate digital data protection act,Law
Olympic committee approves new event for 2028,Sports
Digital payments grow 40% in 2025,Finance
Visa-free travel for selected Asian countries,Tourism
Director wins national award for best film,Entertainment
Severe heatwave expected in northern India,Weather
Startup develops drone for smart agriculture monitoring,Technology
NGOs protest against rising unemployment,Social Issues
Child education programs expand to rural areas,Social Issues
Opposition leader accuses ruling party of corruption,Politics
Defense budget increased for modernization,Defense
Music festival to be held in Hyderabad next month,Entertainment
Police arrest five suspects in bank robbery case,Crime
Mutual funds report record inflows this year,Finance
Apple unveils new AI-powered iPhone,Technology
Apple unveils new AI-powered iPhone,Technology
Traditional art forms revived in Andhra Pradesh,Culture
Heavy pollution levels recorded in Delhi NCR,Environment
Legal experts debate digital data protection act,Law
Taj Mahal sees record number of visitors,Tourism
Police arrest five suspects in bank robbery case,Crime
Severe heatwave expected in northern India,Weather
RBI keeps repo rate unchanged for next quarter,Finance
Legal experts debate digital data protection act,Law
WHO introduces new guidelines for diabetes treatment,Health
WHO introduces new guidelines for diabetes treatment,Health
Diwali celebrations begin across the country,Culture
Legal experts debate digital data protection act,Law
India wins the final match by 5 wickets,Sports
Diwali celebrations begin across the country,Culture
Farmers adopt drip irrigation for better yield,Agriculture
Google launches satellite internet service in rural India,Technology
Quantum computing breakthrough announced,Science
NEET exam results to be declared next week,Education
Government increases MSP for wheat and rice,Agriculture
Legal experts debate digital data protection act,Law
Monsoon rains improve crop conditions in Maharashtra,Agriculture
Heavy pollution levels recorded in Delhi NCR,Environment
Scientists develop biodegradable batteries,Science
Oil prices drop as global demand slows,Business
Opposition leader accuses ruling party of corruption,Politics
Campaign launched for women empowerment,Social Issues
High Court grants bail in political case,Law
WHO introduces new guidelines for diabetes treatment,Health
Festival promotes folk music and heritage,Culture
Football league postpones games due to rain,Sports
Kidnapping case solved within 48 hours,Crime
NGOs protest against rising unemployment,Social Issues
Parliament passes the new economic bill,Politics
Banks announce new fixed deposit interest rates,Finance
Social media movement promotes mental health awareness,Social Issues
Festival promotes folk music and heritage,Culture
Agri-tech startups help farmers monitor soil health,Agriculture
RBI keeps repo rate unchanged for next quarter,Finance
Startup develops drone for smart agriculture monitoring,Technology
Monsoon arrives early this year,Weather
Apple unveils new AI-powered iPhone,Technology
Government launches free vaccination drive,Health
High Court grants bail in political case,Law
Opposition leader accuses ruling party of corruption,Politics
Winter rainfall breaks decade-old record,Weather
Judiciary introduces e-filing system nationwide,Law
Olympic committee approves new event for 2028,Sports
Farmers adopt drip irrigation for better yield,Agriculture
Music festival to be held in Hyderabad next month,Entertainment
Railways introduce high-speed train between cities,Transportation
Cultural exchange program between India and Japan,Culture
UN discusses peace resolution for global conflicts,World News
Online learning platforms see surge in student enrollment,Education
Rising sea levels threaten coastal villages,Environment
Tree plantation drive starts across Telangana,Environment
Quantum computing breakthrough announced,Science
Government bans plastic use in major cities,Environment
Banks announce new fixed deposit interest rates,Finance
Delhi Metro opens new route to airport,Transportation
Virat Kohli scores another century in T20 series,Sports
Road safety week promotes awareness among drivers,Transportation
DRDO tests new surface-to-air missile successfully,Defense
Virat Kohli scores another century in T20 series,Sports
Startup develops drone for smart agriculture monitoring,Technology
Indian Navy commissions new submarine,Defense
Mutual funds report record inflows this year,Finance
Startup develops drone for smart agriculture monitoring,Technology
Football league postpones games due to rain,Sports
Defense budget increased for modernization,Defense
Agri-tech startups help farmers monitor soil health,Agriculture
Government announces tax benefits for small businesses,Business
Government announces tax benefits for small businesses,Business
Court sentences accused in corruption scandal,Crime
Quantum computing breakthrough announced,Science
Mutual funds report record inflows this year,Finance
NGOs protest against rising unemployment,Social Issues
Festival promotes folk music and heritage,Culture
Visa-free travel for selected Asian countries,Tourism
Opposition leader accuses ruling party of corruption,Politics
Traditional art forms revived in Andhra Pradesh,Culture
Child education programs expand to rural areas,Social Issues
Quantum computing breakthrough announced,Science
Government increases funding for rural schools,Education
Director wins national award for best film,Entertainment
Government increases MSP for wheat and rice,Agriculture
Government increases funding for rural schools,Education
Cybersecurity experts warn of new ransomware attack,Technology
RBI keeps repo rate unchanged for next quarter,Finance
Severe heatwave expected in northern India,Weather
Olympic committee approves new event for 2028,Sports
Severe heatwave expected in northern India,Weather
Road safety week promotes awareness among drivers,Transportation
Olympic committee approves new event for 2028,Sports
Court sentences accused in corruption scandal,Crime
Cybersecurity experts warn of new ransomware attack,Technology
India wins the final match by 5 wickets,Sports
Streaming platforms report record subscriptions,Entertainment
Farmers adopt drip irrigation for better yield,Agriculture
RBI keeps repo rate unchanged for next quarter,Finance
Legal experts debate digital data protection act,Law
Virat Kohli scores another century in T20 series,Sports
Banks announce new fixed deposit interest rates,Finance
Campaign launched for women empowerment,Social Issues
Social media movement promotes mental health awareness,Social Issues
US and India sign trade agreement,World News
High Court grants bail in political case,Law
NASA discovers new exoplanet in nearby galaxy,Science
Heavy pollution levels recorded in Delhi NCR,Environment
Government announces tax benefits for small businesses,Business
WHO introduces new guidelines for diabetes treatment,Health
Quantum computing breakthrough announced,Science
Monsoon arrives early this year,Weather
Government launches free vaccination drive,Health
Prime Minister visits flood-affected regions,Politics
Music festival to be held in Hyderabad next month,Entertainment
Mutual funds report record inflows this year,Finance
Railways introduce high-speed train between cities,Transportation
Agri-tech startups help farmers monitor soil health,Agriculture
University introduces AI and robotics programs,Education
Cybersecurity experts warn of new ransomware attack,Technology
Government launches free vaccination drive,Health
Online learning platforms see surge in student enrollment,Education
China announces new space exploration mission,World News
Monsoon arrives early this year,Weather
US and India sign trade agreement,World News
Kidnapping case solved within 48 hours,Crime
Monsoon arrives early this year,Weather
Startup raises $50 million in Series B funding,Business
Military conducts joint exercise with France,Defense
Road safety week promotes awareness among drivers,Transportation
Supreme Court rules on new privacy law,Law
Railways introduce high-speed train between cities,Transportation
Cultural exchange program between India and Japan,Culture
Quantum computing breakthrough announced,Science
Agri-tech startups help farmers monitor soil health,Agriculture
Government increases funding for rural schools,Education
Rising sea levels threaten coastal villages,Environment
WHO introduces new guidelines for diabetes treatment,Health
Eco-tourism initiatives grow in Kerala,Tourism
Social media movement promotes mental health awareness,Social Issues
Quantum computing breakthrough announced,Science
Cybersecurity experts warn of new ransomware attack,Technology
Monsoon rains improve crop conditions in Maharashtra,Agriculture
Government increases MSP for wheat and rice,Agriculture
Government announces tax benefits for small businesses,Business
Government increases MSP for wheat and rice,Agriculture
Monsoon arrives early this year,Weather
US and India sign trade agreement,World News
Farmers adopt drip irrigation for better yield,Agriculture
China announces new space exploration mission,World News
DRDO tests new surface-to-air missile successfully,Defense
WHO introduces new guidelines for diabetes treatment,Health
US and India sign trade agreement,World News
WHO introduces new guidelines for diabetes treatment,Health
Stock markets hit record highs amid economic optimism,Business
Music festival to be held in Hyderabad next month,Entertainment
Monsoon rains improve crop conditions in Maharashtra,Agriculture
Startup develops drone for smart agriculture monitoring,Technology
Delhi Metro opens new route to airport,Transportation
Legal experts debate digital data protection act,Law
Taj Mahal sees record number of visitors,Tourism
Farmers adopt drip irrigation for better yield,Agriculture
RBI keeps repo rate unchanged for next quarter,Finance
US and India sign trade agreement,World News
Indian Navy commissions new submarine,Defense
DRDO tests new surface-to-air missile successfully,Defense
Government increases MSP for wheat and rice,Agriculture
Government bans plastic use in major cities,Environment
Military conducts joint exercise with France,Defense
Visa-free travel for selected Asian countries,Tourism
Director wins national award for best film,Entertainment
WHO introduces new guidelines for diabetes treatment,Health
Winter rainfall breaks decade-old record,Weather
Road safety week promotes awareness among drivers,Transportation
Google launches satellite internet service in rural India,Technology
Taj Mahal sees record number of visitors,Tourism
Diwali celebrations begin across the country,Culture
Agri-tech startups help farmers monitor soil health,Agriculture
Oil prices drop as global demand slows,Business
Severe heatwave expected in northern India,Weather
Streaming platforms report record subscriptions,Entertainment
Quantum computing breakthrough announced,Science
Social media movement promotes mental health awareness,Social Issues
Child education programs expand to rural areas,Social Issues
Judiciary introduces e-filing system nationwide,Law
Cybersecurity experts warn of new ransomware attack,Technology
Police arrest five suspects in bank robbery case,Crime
High Court grants bail in political case,Law
Apple unveils new AI-powered iPhone,Technology
Agri-tech startups help farmers monitor soil health,Agriculture
Court sentences accused in corruption scandal,Crime
Scientists develop biodegradable batteries,Science
India wins the final match by 5 wickets,Sports
Court sentences accused in corruption scandal,Crime
Winter rainfall breaks decade-old record,Weather
Virat Kohli scores another century in T20 series,Sports
Government invests in electric bus infrastructure,Transportation
Government announces new election reforms,Politics
Social media movement promotes mental health awareness,Social Issues
Cybersecurity experts warn of new ransomware attack,Technology
Scientists develop biodegradable batteries,Science
Virat Kohli scores another century in T20 series,Sports
US and India sign trade agreement,World News
Opposition leader accuses ruling party of corruption,Politics
Child education programs expand to rural areas,Social Issues
Monsoon rains improve crop conditions in Maharashtra,Agriculture
Taj Mahal sees record number of visitors,Tourism
Virat Kohli scores another century in T20 series,Sports
Severe heatwave expected in northern India,Weather
Stock markets hit record highs amid economic optimism,Business
European countries face record heatwaves,World News
Road safety week promotes awareness among drivers,Transportation
Kidnapping case solved within 48 hours,Crime
Researchers develop new drug for cancer prevention,Health
Festival promotes folk music and heritage,Culture
Winter rainfall breaks decade-old record,Weather
Military conducts joint exercise with France,Defense
Defense budget increased for modernization,Defense
Military conducts joint exercise with France,Defense
Traditional art forms revived in Andhra Pradesh,Culture
Heavy pollution levels recorded in Delhi NCR,Environment
Government launches 'Visit India 2025' campaign,Tourism
Football league postpones games due to rain,Sports
Scientists develop biodegradable batteries,Science
Google launches satellite internet service in rural India,Technology
Apple unveils new AI-powered iPhone,Technology
European countries face record heatwaves,World News
Winter rainfall breaks decade-old record,Weather
China announces new space exploration mission,World News
Parliament passes the new economic bill,Politics
Agri-tech startups help farmers monitor soil health,Agriculture
Government invests in electric bus infrastructure,Transportation
Startup raises $50 million in Series B funding,Business
NGOs protest against rising unemployment,Social Issues
Child education programs expand to rural areas,Social Issues
NASA discovers new exoplanet in nearby galaxy,Science
Farmers adopt drip irrigation for better yield,Agriculture
Court sentences accused in corruption scandal,Crime
UN discusses peace resolution for global conflicts,World News
Cybercrime rate increases in metropolitan areas,Crime
Defense budget increased for modernization,Defense
Taj Mahal sees record number of visitors,Tourism
NEET exam results to be declared next week,Education
UN discusses peace resolution for global conflicts,World News
Court sentences accused in corruption scandal,Crime
Banks announce new fixed deposit interest rates,Finance
Opposition leader accuses ruling party of corruption,Politics
Monsoon arrives early this year,Weather
Government announces tax benefits for small businesses,Business
RBI keeps repo rate unchanged for next quarter,Finance
Heavy pollution levels recorded in Delhi NCR,Environment
Road safety week promotes awareness among drivers,Transportation
Police arrest five suspects in bank robbery case,Crime
Social media movement promotes mental health awareness,Social Issues
Online learning platforms see surge in student enrollment,Education
Startup develops drone for smart agriculture monitoring,Technology
Judiciary introduces e-filing system nationwide,Law
Court sentences accused in corruption scandal,Crime
Rising sea levels threaten coastal villages,Environment
Defense budget increased for modernization,Defense
Cybersecurity experts warn of new ransomware attack,Technology
NASA discovers new exoplanet in nearby galaxy,Science
UN discusses peace resolution for global conflicts,World News
Cybersecurity experts warn of new ransomware attack,Technology
Social media movement promotes mental health awareness,Social Issues
Visa-free travel for selected Asian countries,Tourism
Opposition leader accuses ruling party of corruption,Politics
Monsoon rains improve crop conditions in Maharashtra,Agriculture
Mutual funds report record inflows this year,Finance
Indian Navy commissions new submarine,Defense
Monsoon arrives early this year,Weather
Legal experts debate digital data protection act,Law
Researchers develop new drug for cancer prevention,Health
Government announces tax benefits for small businesses,Business
Monsoon rains improve crop conditions in Maharashtra,Agriculture
Visa-free travel for selected Asian countries,Tourism
Monsoon rains improve crop conditions in Maharashtra,Agriculture
Delhi Metro opens new route to airport,Transportation
Opposition leader accuses ruling party of corruption,Politics
Government invests in electric bus infrastructure,Transportation
Oil prices drop as global demand slows,Business
NEET exam results to be declared next week,Education
Music festival to be held in Hyderabad next month,Entertainment
Delhi Metro opens new route to airport,Transportation
WHO introduces new guidelines for diabetes treatment,Health
NGOs protest against rising unemployment,Social Issues
Road safety week promotes awareness among drivers,Transportation
Parliament passes the new economic bill,Politics
NEET exam results to be declared next week,Education
Legal experts debate digital data protection act,Law
Cultural exchange program between India and Japan,Culture
Government announces new election reforms,Politics
Mutual funds report record inflows this year,Finance
Football league postpones games due to rain,Sports
Oil prices drop as global demand slows,Business
Monsoon rains improve crop conditions in Maharashtra,Agriculture
Bollywood actor announces upcoming movie release,Entertainment
Monsoon rains improve crop conditions in Maharashtra,Agriculture
Agri-tech startups help farmers monitor soil health,Agriculture
Virat Kohli scores another century in T20 series,Sports
Defense budget increased for modernization,Defense
Railways introduce high-speed train between cities,Transportation
India wins the final match by 5 wickets,Sports
Taj Mahal sees record number of visitors,Tourism
Winter rainfall breaks decade-old record,Weather
Government increases MSP for wheat and rice,Agriculture
WHO introduces new guidelines for diabetes treatment,Health
Cybercrime rate increases in metropolitan areas,Crime
DRDO tests new surface-to-air missile successfully,Defense
Prime Minister visits flood-affected regions,Politics
Railways introduce high-speed train between cities,Transportation
Cybercrime rate increases in metropolitan areas,Crime
Government increases MSP for wheat and rice,Agriculture
Supreme Court rules on new privacy law,Law
Rising sea levels threaten coastal villages,Environment
Court sentences accused in corruption scandal,Crime
Opposition leader accuses ruling party of corruption,Politics
Cybercrime rate increases in metropolitan areas,Crime
UN discusses peace resolution for global conflicts,World News
India wins the final match by 5 wickets,Sports
Doctors warn about rising dengue cases in South India,Health
Farmers adopt drip irrigation for better yield,Agriculture
Parliament passes the new economic bill,Politics
US and India sign trade agreement,World News
Social media movement promotes mental health awareness,Social Issues
Child education programs expand to rural areas,Social Issues
Road safety week promotes awareness among drivers,Transportation
European countries face record heatwaves,World News
Director wins national award for best film,Entertainment
DRDO tests new surface-to-air missile successfully,Defense
Oil prices drop as global demand slows,Business
Festival promotes folk music and heritage,Culture
Visa-free travel for selected Asian countries,Tourism
University introduces AI and robotics programs,Education
Kidnapping case solved within 48 hours,Crime
High Court grants bail in political case,Law
Online learning platforms see surge in student enrollment,Education
Music festival to be held in Hyderabad next month,Entertainment
China announces new space exploration mission,World News
High Court grants bail in political case,Law
NASA discovers new exoplanet in nearby galaxy,Science
Government launches free vaccination drive,Health
Oil prices drop as global demand slows,Business
Researchers develop new drug for cancer prevention,Health
WHO introduces new guidelines for diabetes treatment,Health
Apple unveils new AI-powered iPhone,Technology
Olympic committee approves new event for 2028,Sports
Rising sea levels threaten coastal villages,Environment
ISRO prepares for next lunar mission,Science
Opposition leader accuses ruling party of corruption,Politics
Taj Mahal sees record number of visitors,Tourism
Doctors warn about rising dengue cases in South India,Health
Agri-tech startups help farmers monitor soil health,Agriculture
Severe heatwave expected in northern India,Weather
Scientists develop biodegradable batteries,Science
Streaming platforms report record subscriptions,Entertainment
Monsoon arrives early this year,Weather
Traditional art forms revived in Andhra Pradesh,Culture
Music festival to be held in Hyderabad next month,Entertainment
US and India sign trade agreement,World News
Eco-tourism initiatives grow in Kerala,Tourism
Taj Mahal sees record number of visitors,Tourism
Parliament passes the new economic bill,Politics
India wins the final match by 5 wickets,Sports
Child education programs expand to rural areas,Social Issues
Agri-tech startups help farmers monitor soil health,Agriculture
Railways introduce high-speed train between cities,Transportation
Tree plantation drive starts across Telangana,Environment
Government increases MSP for wheat and rice,Agriculture
Winter rainfall breaks decade-old record,Weather
Heavy pollution levels recorded in Delhi NCR,Environment
Researchers develop new drug for cancer prevention,Health
Cybercrime rate increases in metropolitan areas,Crime
Government announces tax benefits for small businesses,Business
Parliament passes the new economic bill,Politics
Police arrest five suspects in bank robbery case,Crime
Football league postpones games due to rain,Sports
Cybercrime rate increases in metropolitan areas,Crime
Agri-tech startups help farmers monitor soil health,Agriculture
Legal experts debate digital data protection act,Law
Virat Kohli scores another century in T20 series,Sports
Winter rainfall breaks decade-old record,Weather
European countries face record heatwaves,World News
Quantum computing breakthrough announced,Science
Delhi Metro opens new route to airport,Transportation
US and India sign trade agreement,World News
Government announces tax benefits for small businesses,Business
High Court grants bail in political case,Law
Stock markets hit record highs amid economic optimism,Business
Military conducts joint exercise with France,Defense
Cyclone warning issued for coastal Andhra Pradesh,Weather
Campaign launched for women empowerment,Social Issues
Cybercrime rate increases in metropolitan areas,Crime
Stock markets hit record highs amid economic optimism,Business
Railways introduce high-speed train between cities,Transportation
Railways introduce high-speed train between cities,Transportation
European countries face record heatwaves,World News
Severe heatwave expected in northern India,Weather
Government bans plastic use in major cities,Environment
European countries face record heatwaves,World News
Indian Navy commissions new submarine,Defense
WHO introduces new guidelines for diabetes treatment,Health
ISRO prepares for next lunar mission,Science
Court sentences accused in corruption scandal,Crime
Rising sea levels threaten coastal villages,Environment
University introduces AI and robotics programs,Education
Rising sea levels threaten coastal villages,Environment
Indian Navy commissions new submarine,Defense
Government launches free vaccination drive,Health
Digital payments grow 40% in 2025,Finance
Government invests in electric bus infrastructure,Transportation
Indian Navy commissions new submarine,Defense
Diwali celebrations begin across the country,Culture
Monsoon arrives early this year,Weather
Winter rainfall breaks decade-old record,Weather
Tree plantation drive starts across Telangana,Environment
Agri-tech startups help farmers monitor soil health,Agriculture
Olympic committee approves new event for 2028,Sports
Tree plantation drive starts across Telangana,Environment
Mutual funds report record inflows this year,Finance
Severe heatwave expected in northern India,Weather
India wins the final match by 5 wickets,Sports
Opposition leader accuses ruling party of corruption,Politics
Tree plantation drive starts across Telangana,Environment
Oil prices drop as global demand slows,Business
Online learning platforms see surge in student enrollment,Education
Eco-tourism initiatives grow in Kerala,Tourism
DRDO tests new surface-to-air missile successfully,Defense
Google launches satellite internet service in rural India,Technology
Agri-tech startups help farmers monitor soil health,Agriculture
Streaming platforms report record subscriptions,Entertainment
Severe heatwave expected in northern India,Weather
Football league postpones games due to rain,Sports
Tree plantation drive starts across Telangana,Environment
Opposition leader accuses ruling party of corruption,Politics
Visa-free travel for selected Asian countries,Tourism
Child education programs expand to rural areas,Social Issues
DRDO tests new surface-to-air missile successfully,Defense
Child education programs expand to rural areas,Social Issues
Olympic committee approves new event for 2028,Sports
Prime Minister visits flood-affected regions,Politics
Farmers adopt drip irrigation for better yield,Agriculture
Farmers adopt drip irrigation for better yield,Agriculture
Delhi Metro opens new route to airport,Transportation
Monsoon arrives early this year,Weather
Cybercrime rate increases in metropolitan areas,Crime
Kidnapping case solved within 48 hours,Crime
Diwali celebrations begin across the country,Culture
Government announces new election reforms,Politics
Government announces tax benefits for small businesses,Business
RBI keeps repo rate unchanged for next quarter,Finance
Quantum computing breakthrough announced,Science
Apple unveils new AI-powered iPhone,Technology
Music festival to be held in Hyderabad next month,Entertainment
Delhi Metro opens new route to airport,Transportation
Music festival to be held in Hyderabad next month,Entertainment
Farmers adopt drip irrigation for better yield,Agriculture
Supreme Court rules on new privacy law,Law
Social media movement promotes mental health awareness,Social Issues
Scientists develop biodegradable batteries,Science
Startup raises $50 million in Series B funding,Business
Cyclone warning issued for coastal Andhra Pradesh,Weather
Police arrest five suspects in bank robbery case,Crime
Kidnapping case solved within 48 hours,Crime
Tree plantation drive starts across Telangana,Environment
Rising sea levels threaten coastal villages,Environment
Online learning platforms see surge in student enrollment,Education
Government increases funding for rural schools,Education
Virat Kohli scores another century in T20 series,Sports
Virat Kohli scores another century in T20 series,Sports
Bollywood actor announces upcoming movie release,Entertainment
Visa-free travel for selected Asian countries,Tourism
Mutual funds report record inflows this year,Finance
High Court grants bail in political case,Law
Heavy pollution levels recorded in Delhi NCR,Environment
Diwali celebrations begin across the country,Culture
China announces new space exploration mission,World News
Olympic committee approves new event for 2028,Sports
Football league postpones games due to rain,Sports
Indian Navy commissions new submarine,Defense
Olympic committee approves new event for 2028,Sports
Diwali celebrations begin across the country,Culture
Campaign launched for women empowerment,Social Issues
Government announces new election reforms,Politics
University introduces AI and robotics programs,Education
Road safety week promotes awareness among drivers,Transportation
Government increases funding for rural schools,Education
China announces new space exploration mission,World News
Indian Navy commissions new submarine,Defense
Opposition leader accuses ruling party of corruption,Politics
Cyclone warning issued for coastal Andhra Pradesh,Weather
Government announces new election reforms,Politics
Road safety week promotes awareness among drivers,Transportation
Legal experts debate digital data protection act,Law
Parliament passes the new economic bill,Politics
Apple unveils new AI-powered iPhone,Technology
Farmers adopt drip irrigation for better yield,Agriculture
Football league postpones games due to rain,Sports
Startup raises $50 million in Series B funding,Business
Stock markets hit record highs amid economic optimism,Business
Legal experts debate digital data protection act,Law
Scientists develop biodegradable batteries,Science
Online learning platforms see surge in student enrollment,Education
Defense budget increased for modernization,Defense
Music festival to be held in Hyderabad next month,Entertainment
Kidnapping case solved within 48 hours,Crime
Oil prices drop as global demand slows,Business
ISRO prepares for next lunar mission,Science
Judiciary introduces e-filing system nationwide,Law
Diwali celebrations begin across the country,Culture
Military conducts joint exercise with France,Defense
NEET exam results to be declared next week,Education
Tree plantation drive starts across Telangana,Environment
Director wins national award for best film,Entertainment
Government launches free vaccination drive,Health
European countries face record heatwaves,World News
Child education programs expand to rural areas,Social Issues
High Court grants bail in political case,Law
Railways introduce high-speed train between cities,Transportation
Government launches 'Visit India 2025' campaign,Tourism
Startup develops drone for smart agriculture monitoring,Technology
Severe heatwave expected in northern India,Weather
Military conducts joint exercise with France,Defense
Tree plantation drive starts across Telangana,Environment
Severe heatwave expected in northern India,Weather
Festival promotes folk music and heritage,Culture
Virat Kohli scores another century in T20 series,Sports
Bollywood actor announces upcoming movie release,Entertainment
Olympic committee approves new event for 2028,Sports
Military conducts joint exercise with France,Defense
Football league postpones games due to rain,Sports
Road safety week promotes awareness among drivers,Transportation
Startup raises $50 million in Series B funding,Business
Indian Navy commissions new submarine,Defense
High Court grants bail in political case,Law
DRDO tests new surface-to-air missile successfully,Defense
Court sentences accused in corruption scandal,Crime
Child education programs expand to rural areas,Social Issues
Tree plantation drive starts across Telangana,Environment
Festival promotes folk music and heritage,Culture
High Court grants bail in political case,Law
Court sentences accused in corruption scandal,Crime
Traditional art forms revived in Andhra Pradesh,Culture
Legal experts debate digital data protection act,Law
Mutual funds report record inflows this year,Finance
Taj Mahal sees record number of visitors,Tourism
Government launches free vaccination drive,Health
Virat Kohli scores another century in T20 series,Sports
Opposition leader accuses ruling party of corruption,Politics
Bollywood actor announces upcoming movie release,Entertainment
Child education programs expand to rural areas,Social Issues
Online learning platforms see surge in student enrollment,Education
Streaming platforms report record subscriptions,Entertainment
Eco-tourism initiatives grow in Kerala,Tourism
Bollywood actor announces upcoming movie release,Entertainment
Heavy pollution levels recorded in Delhi NCR,Environment
Researchers develop new drug for cancer prevention,Health
Farmers adopt drip irrigation for better yield,Agriculture
Doctors warn about rising dengue cases in South India,Health
WHO introduces new guidelines for diabetes treatment,Health
UN discusses peace resolution for global conflicts,World News
Railways introduce high-speed train between cities,Transportation
Digital payments grow 40% in 2025,Finance
Tree plantation drive starts across Telangana,Environment
Winter rainfall breaks decade-old record,Weather
Government launches free vaccination drive,Health
Traditional art forms revived in Andhra Pradesh,Culture
High Court grants bail in political case,Law
Tree plantation drive starts across Telangana,Environment
Startup develops drone for smart agriculture monitoring,Technology
Monsoon arrives early this year,Weather
Opposition leader accuses ruling party of corruption,Politics
Taj Mahal sees record number of visitors,Tourism
NASA discovers new exoplanet in nearby galaxy,Science
High Court grants bail in political case,Law
Eco-tourism initiatives grow in Kerala,Tourism
Banks announce new fixed deposit interest rates,Finance
Scientists develop biodegradable batteries,Science
Monsoon arrives early this year,Weather
Prime Minister visits flood-affected regions,Politics
Supreme Court rules on new privacy law,Law
Mutual funds report record inflows this year,Finance
Campaign launched for women empowerment,Social Issues
Visa-free travel for selected Asian countries,Tourism
ISRO prepares for next lunar mission,Science
Delhi Metro opens new route to airport,Transportation
Road safety week promotes awareness among drivers,Transportation
European countries face record heatwaves,World News
Music festival to be held in Hyderabad next month,Entertainment
Google launches satellite internet service in rural India,Technology
Cultural exchange program between India and Japan,Culture
European countries face record heatwaves,World News
Supreme Court rules on new privacy law,Law
Supreme Court rules on new privacy law,Law
Taj Mahal sees record number of visitors,Tourism
Government bans plastic use in major cities,Environment
DRDO tests new surface-to-air missile successfully,Defense
Streaming platforms report record subscriptions,Entertainment
Diwali celebrations begin across the country,Culture
Military conducts joint exercise with France,Defense
RBI keeps repo rate unchanged for next quarter,Finance
Severe heatwave expected in northern India,Weather
Stock markets hit record highs amid economic optimism,Business
Tree plantation drive starts across Telangana,Environment
